ID,Season,Episode,Title,Directed by,Written by,Original air date,"US viewers
(millions)",rating,Jan,Andy,Angela,Darryl,Dwight,Erin,Jim,Kevin,Nellie,Creed,Robert,Michael,Karen,David,Gabe,Holly,Meredith,Stanley,Oscar,Toby,Pam,Kelly,Ryan,Phyllis
1_1,1,1,"""Pilot""",Ken Kwapis,Ricky Gervais & Stephen Merchant and Greg Daniels,3/24/2005,11.2,8.4,12,0,5,0,35,0,37,2,0,0,0,97,0,0,0,0,0,5,6,0,46,0,10,2
1_2,1,2,"""Diversity Day""",Ken Kwapis,B. J. Novak,3/29/2005,6,8.2,0,0,4,0,40,0,35,8,0,0,0,103,0,0,0,0,0,5,13,2,26,2,7,0
1_3,1,3,"""Health Care""",Ken Whittingham,Paul Lieberstein,4/5/2005,5.8,7.8,18,0,5,0,88,0,57,6,0,0,0,69,0,0,0,0,3,6,16,0,44,0,1,0
1_4,1,4,"""The Alliance""",Bryan Gordon,Michael Schur,4/12/2005,5.4,8.3,0,0,9,0,74,0,63,3,0,0,0,111,0,0,0,0,15,2,20,7,37,0,5,5
1_5,1,5,"""Basketball""",Greg Daniels,Greg Daniels,4/19/2005,5,7.6,0,0,6,17,45,0,27,4,0,0,0,134,0,0,0,0,0,6,2,0,17,0,8,4
1_6,1,6,"""Hot Girl""",Amy Heckerling,Mindy Kaling,4/26/2005,4.8,7.9,8,0,3,0,44,0,66,7,0,0,0,128,0,0,0,0,0,3,1,14,49,2,21,0
2_1,2,1,"""The Dundies""",Greg Daniels,Mindy Kaling,9/20/2005,9,8.7,9,0,4,1,74,0,42,4,0,0,0,138,0,0,0,0,0,8,4,6,48,9,2,23
2_2,2,2,"""Sexual Harassment""",Ken Kwapis,B. J. Novak,9/27/2005,7.13,8.2,11,0,4,9,12,0,22,9,0,0,0,112,0,0,0,0,1,1,1,26,41,0,1,6
2_3,2,3,"""Office Olympics""",Paul Feig,Michael Schur,10/4/2005,8.3,8.4,0,0,8,0,87,0,72,13,0,0,0,120,0,0,0,0,1,3,13,4,45,0,5,4
2_4,2,4,"""The Fire""",Ken Kwapis,B. J. Novak,10/11/2005,7.6,8.4,0,0,18,0,80,0,67,9,0,0,0,79,0,0,0,0,4,7,4,2,28,4,50,6
2_5,2,5,"""Halloween""",Paul Feig,Greg Daniels,10/18/2005,8,8.2,10,0,14,0,36,0,31,2,0,27,0,150,0,0,0,0,0,5,7,7,27,3,1,5
2_6,2,6,"""The Fight""",Ken Kwapis,Gene Stupnitsky & Lee Eisenberg,11/1/2005,7.9,8.2,0,0,6,0,77,0,54,4,0,0,0,102,0,0,0,0,1,9,2,5,27,4,18,0
2_7,2,7,"""The Client""",Greg Daniels,Paul Lieberstein,11/8/2005,7.5,8.6,55,0,1,0,24,0,52,2,0,0,0,86,0,0,0,0,0,1,5,1,40,1,8,6
2_8,2,8,"""Performance Review""",Paul Feig,Larry Wilmore,11/15/2005,8,8.2,66,0,5,0,67,0,48,4,0,1,0,147,0,0,0,0,0,5,5,1,35,2,14,1
2_9,2,9,"""Email Surveillance""",Paul Feig,Jennifer Celotta,11/22/2005,8.1,8.4,0,0,14,0,45,0,60,12,0,0,0,129,0,0,0,0,0,4,6,1,47,2,6,7
2_10,2,10,"""Christmas Party""",Charles McDougall,Michael Schur,12/6/2005,9.7,8.8,0,0,10,12,51,0,28,14,0,9,0,94,0,0,0,0,12,5,20,7,22,13,18,8
2_11,2,11,"""Booze Cruise""",Ken Kwapis,Greg Daniels,1/5/2006,8.7,8.6,17,0,2,5,28,0,32,0,0,6,0,116,0,0,0,0,3,10,4,3,22,7,6,8
2_12,2,12,"""The Injury""",Bryan Gordon,Mindy Kaling,1/12/2006,10.3,9,0,0,6,0,68,0,61,2,0,1,0,146,0,0,0,0,1,4,4,13,57,1,16,3
2_13,2,13,"""The Secret""",Dennie Gordon,Lee Eisenberg & Gene Stupnitsky,1/19/2006,8.7,8.3,0,0,5,0,54,0,53,8,0,3,0,114,0,0,0,0,0,3,9,3,28,5,14,0
2_14,2,14,"""The Carpet""","Victor Nelli, Jr.",Paul Lieberstein,1/26/2006,8.6,7.9,0,0,4,5,47,0,36,8,0,9,0,126,0,0,0,0,0,8,5,8,28,13,13,2
2_15,2,15,"""Boys and Girls""",Dennie Gordon,B. J. Novak,2/2/2006,5.42,8.2,55,0,5,28,16,0,24,4,0,0,0,88,0,0,0,0,5,1,0,0,30,9,2,9
2_16,2,16,"""Valentine's Day""",Greg Daniels,Michael Schur,2/9/2006,8.95,8.3,16,0,4,0,29,0,25,8,0,3,0,53,0,12,0,0,3,0,5,0,30,13,4,5
2_17,2,17,"""Dwight's Speech""",Charles McDougall,Paul Lieberstein,3/2/2006,8.4,8.4,0,0,4,0,64,0,36,4,0,4,0,75,0,0,0,0,1,6,3,4,24,5,14,8
2_18,2,18,"""Take Your Daughter to Work Day""","Victor Nelli, Jr.",Mindy Kaling,3/16/2006,8.8,8.3,0,0,10,5,27,0,24,7,0,5,0,81,0,0,0,0,2,9,4,13,26,8,12,1
2_19,2,19,"""Michael's Birthday""",Ken Whittingham,Gene Stupnitsky & Lee Eisenberg,3/30/2006,7.8,8.1,5,0,13,0,46,0,23,15,0,0,0,99,0,0,0,0,1,3,7,8,26,4,10,2
2_20,2,20,"""Drug Testing""",Greg Daniels,Jennifer Celotta,4/27/2006,7.8,8.4,1,0,8,0,92,0,26,7,0,2,0,62,0,0,0,0,2,9,8,9,26,9,7,7
2_21,2,21,"""Conflict Resolution""",Charles McDougall,Greg Daniels,5/4/2006,7.4,8.7,0,0,12,0,50,0,37,5,0,3,0,95,0,0,0,0,1,4,9,22,26,2,5,15
2_22,2,22,"""Casino Night""",Ken Kwapis,Steve Carell,5/11/2006,7.6,9.2,40,0,5,11,40,0,53,16,0,4,0,112,0,0,0,0,3,3,5,5,46,1,1,8
3_1,3,1,"""Gay Witch Hunt""",Ken Kwapis,Greg Daniels,"September 21, 2006",9.11,8.9,12,8,4,0,18,0,13,1,0,1,0,63,1,0,0,0,2,1,17,10,12,1,1,3
3_2,3,2,"""The Convention""",Ken Whittingham,Gene Stupnitsky & Lee Eisenberg,"September 28, 2006",7.78,8.2,15,0,10,0,44,0,32,3,0,2,0,122,0,0,0,0,1,1,0,6,30,8,8,2
3_3,3,3,"""The Coup""",Greg Daniels,Paul Lieberstein,"October 5, 2006",8.89,8.5,28,10,13,0,77,0,17,5,0,3,0,83,8,0,0,0,0,3,0,0,20,8,1,5
3_4,3,4,"""Grief Counseling""",Roger Nygard,Jennifer Celotta,"October 12, 2006",8.83,8,17,4,7,0,40,0,19,9,0,6,0,106,15,0,0,0,1,6,0,10,34,5,7,3
3_5,3,5,"""Initiation""",Randall Einhorn,B. J. Novak,"October 19, 2006",8.46,8.2,11,8,4,0,57,0,47,4,0,0,0,44,13,0,0,0,0,9,0,1,56,6,43,2
3_6,3,6,"""Diwali""",Miguel Arteta,Mindy Kaling,"November 2, 2006",8.81,8,12,18,10,0,8,0,20,9,0,1,0,77,15,0,0,0,2,1,0,2,26,20,12,2
3_7,3,7,"""Branch Closing""",Tucker Gates,Michael Schur,"November 9, 2006",8.05,8.5,32,5,7,4,38,0,21,12,0,0,0,67,9,0,0,0,0,1,0,3,22,2,7,8
3_8,3,8,"""The Merger""",Ken Whittingham,Brent Forrester,"November 16, 2006",8.63,8.7,6,55,7,0,84,0,81,21,0,2,0,149,30,0,0,0,11,4,0,16,45,6,11,8
3_9,3,9,"""The Convict""",Jeffrey Blitz,Ricky Gervais & Stephen Merchant,"November 30, 2006",9.07,8.2,7,17,10,0,4,0,31,13,0,2,0,54,10,0,0,0,1,2,0,4,16,0,3,1
3_10,3,10,"""A Benihana Christmas""",Harold Ramis,Jennifer Celotta,"December 14, 2006",8.44,8.7,0,28,51,3,62,0,45,15,0,4,0,115,35,0,0,0,3,5,1,15,57,19,22,15
3_11,3,11,"""Back from Vacation""",Julian Farino,Justin Spitzer,"January 4, 2007",8.8,8.5,14,10,7,6,39,0,33,10,0,4,0,100,9,0,0,0,2,10,0,9,43,2,2,5
3_12,3,12,"""Traveling Salesmen""",Greg Daniels,Michael Schur & Lee Eisenberg & Gene Stupnitsky,"January 11, 2007",10.12,8.6,1,29,17,0,33,0,39,7,0,0,0,48,16,0,0,0,0,8,0,0,26,2,8,10
3_13,3,13,"""The Return""",Greg Daniels,Lee Eisenberg & Gene Stupnitsky & Michael Schur,"January 18, 2007",10.2,8.8,0,40,14,0,25,0,25,3,0,3,0,49,4,0,0,0,2,2,11,0,10,0,3,3
3_14,3,14,"""Ben Franklin""",Randall Einhorn,Mindy Kaling,"February 1, 2007",10.11,8.2,6,0,5,0,29,0,25,3,0,0,0,77,15,0,0,0,2,1,0,0,30,3,6,0
3_15,3,15,"""Phyllis' Wedding""",Ken Whittingham,Caroline Williams,"February 8, 2007",8.84,8.3,0,0,3,0,25,0,19,4,0,0,0,49,4,0,0,0,1,2,0,2,15,6,0,15
3_16,3,16,"""Business School""",Joss Whedon,Brent Forrester,"February 15, 2007",8.84,8.8,0,0,5,0,25,0,20,7,0,8,0,65,6,0,0,0,12,2,9,3,29,11,16,0
3_17,3,17,"""Cocktails""",J. J. Abrams,Paul Lieberstein,"February 22, 2007",8.3,8.5,47,0,3,0,35,0,22,12,0,2,0,85,14,8,0,0,2,5,1,5,24,4,12,0
3_18,3,18,"""The Negotiation""",Jeffrey Blitz,Michael Schur,"April 5, 2007",6.74,8.9,30,2,11,43,18,0,41,8,0,3,0,107,16,0,0,0,0,4,4,17,16,14,9,4
3_19,3,19,"""Safety Training""",Harold Ramis,B. J. Novak,"April 12, 2007",7.71,8.8,0,34,5,32,70,0,31,22,0,4,0,102,5,0,0,0,0,5,3,8,21,11,9,3
3_20,3,20,"""Product Recall""",Randall Einhorn,Justin Spitzer & Brent Forrester,"April 26, 2007",7.56,8.8,0,56,25,0,42,0,74,10,0,15,0,68,4,0,0,0,0,1,9,0,16,25,3,1
3_21,3,21,"""Women's Appreciation""",Tucker Gates,Gene Stupnitsky & Lee Eisenberg,"May 3, 2007",7,8.8,17,16,11,0,46,0,33,11,0,6,0,92,15,0,0,0,5,2,0,7,36,7,5,12
3_22,3,22,"""Beach Games""",Harold Ramis,Jennifer Celotta & Greg Daniels,"May 10, 2007",7.2,9.1,0,21,8,0,50,0,30,6,0,2,0,145,9,9,0,0,7,12,5,4,30,9,5,5
3_23,3,23,"""The Job""",Ken Kwapis,Paul Lieberstein & Michael Schur,"May 17, 2007",7.88,9.3,43,30,6,0,70,0,65,17,0,3,0,123,40,47,0,0,6,7,12,0,51,7,4,5
4_1,4,1,"""Fun Run""",Greg Daniels,Greg Daniels,"September 27, 2007",9.7,8.8,7,10,50,5,57,0,53,21,0,9,0,160,0,0,0,0,25,10,14,11,84,7,8,9
4_2,4,2,"""Dunder Mifflin Infinity""",Craig Zisk,Michael Schur,"October 4, 2007",8.49,8.4,17,14,23,0,74,0,48,16,0,15,0,158,0,0,0,0,0,5,8,18,56,24,85,13
4_3,4,3,"""Launch Party""",Ken Whittingham,Jennifer Celotta,"October 11, 2007",8.91,8.5,6,47,52,9,88,0,70,17,0,1,0,156,0,0,0,0,14,7,12,8,31,12,7,9
4_4,4,4,"""Money""",Paul Lieberstein,Paul Lieberstein,"October 18, 2007",8.5,8.8,40,25,10,10,53,0,52,12,0,7,0,159,0,0,0,0,1,7,32,2,56,13,21,3
4_5,4,5,"""Local Ad""",Jason Reitman,B. J. Novak,"October 25, 2007",8.98,8.8,0,21,2,10,11,0,47,3,0,2,0,92,0,0,0,0,3,1,1,2,22,0,8,7
4_6,4,6,"""Branch Wars""",Joss Whedon,Mindy Kaling,"November 1, 2007",8.39,8.5,0,12,1,0,44,0,78,2,0,0,0,90,25,0,0,0,1,10,12,10,26,0,0,2
4_7,4,7,"""Survivor Man""",Paul Feig,Steve Carell,"November 8, 2007",8.29,8.3,0,7,7,0,36,0,69,2,0,12,0,82,0,0,0,0,5,2,7,16,23,1,0,4
4_8,4,8,"""The Deposition""",Julian Farino,Lester Lewis,"November 15, 2007",8.86,8.7,30,6,1,3,5,0,27,4,0,3,0,89,0,3,0,0,1,3,4,4,25,15,10,3
4_9,4,9,"""Dinner Party""",Paul Feig,Gene Stupnitsky & Lee Eisenberg,"April 10, 2008",9.22,9.3,90,14,14,0,18,0,42,0,0,0,0,101,0,0,0,0,0,1,0,0,35,0,0,1
4_10,4,10,"""Chair Model""",Jeffrey Blitz,B. J. Novak,"April 17, 2008",9.81,8.2,0,14,4,0,22,0,26,20,0,3,0,100,0,0,0,0,0,1,2,1,42,7,0,9
4_11,4,11,"""Night Out""",Ken Whittingham,Mindy Kaling,"April 24, 2008",7.56,8.7,0,4,5,0,48,0,43,4,0,2,0,104,0,0,0,0,1,6,8,8,17,5,70,5
4_12,4,12,"""Did I Stutter?""",Randall Einhorn,Brent Forrester & Justin Spitzer,"May 1, 2008",7.67,8.4,0,23,3,13,32,0,31,8,0,1,0,99,0,0,0,0,1,23,2,13,30,6,14,9
4_13,4,13,"""Job Fair""",Tucker Gates,Lee Eisenberg & Gene Stupnitsky,"May 8, 2008",7.22,8,0,14,4,6,10,0,21,9,0,4,0,76,0,0,0,0,1,0,5,0,34,1,0,2
4_14,4,14,"""Goodbye, Toby""",Paul Feig,Jennifer Celotta & Paul Lieberstein,"May 15, 2008",8.07,9.3,24,12,17,3,49,0,77,23,0,8,0,167,0,0,0,73,9,5,4,51,47,4,5,23
5_1,5,1,"""Weight Loss""",Paul Feig,Lee Eisenberg & Gene Stupnitsky,"September 25, 2008",9.2,8.8,13,31,26,13,61,0,68,14,0,5,0,130,0,0,0,56,7,8,24,3,36,17,20,16
5_2,5,2,"""Business Ethics""",Jeffrey Blitz,Ryan Koh,"October 9, 2008",8.99,8.4,0,12,2,0,14,0,29,13,0,2,0,64,0,0,0,53,23,5,7,0,9,3,12,6
5_3,5,3,"""Baby Shower""",Greg Daniels,Aaron Shure,"October 16, 2008",8.07,8.1,51,13,16,9,39,0,28,12,0,2,0,83,0,0,0,14,1,2,4,3,25,2,0,7
5_4,5,4,"""Crime Aid""",Jennifer Celotta,Charlie Grandy,"October 23, 2008",7.74,8.2,0,7,8,8,33,0,36,5,0,2,0,94,0,0,0,36,0,1,5,0,11,0,0,24
5_5,5,5,"""Employee Transfer""",David Rogers,Anthony Q. Farrell,"October 30, 2008",9.32,8.2,0,44,8,55,38,0,25,5,0,2,0,101,0,0,0,73,1,1,6,0,25,7,4,5
5_6,5,6,"""Customer Survey""",Stephen Merchant,Lester Lewis,"November 6, 2008",8.35,8.5,0,29,6,1,99,0,111,2,0,0,0,73,0,0,0,0,1,4,0,0,34,23,6,4
5_7,5,7,"""Business Trip""",Randall Einhorn,Brent Forrester,"November 13, 2008",8.18,8.3,0,69,10,0,16,0,22,2,0,1,0,77,0,0,0,0,5,3,38,0,14,15,13,2
5_8,5,8,"""Frame Toby""",Jason Reitman,Mindy Kaling,"November 20, 2008",8.4,8.6,0,6,2,0,38,0,31,2,0,2,0,90,0,11,0,0,2,0,3,29,26,10,18,3
5_9,5,9,"""The Surplus""",Paul Feig,Gene Stupnitsky & Lee Eisenberg,"December 4, 2008",8.33,8.8,0,18,23,0,29,0,31,3,0,1,0,100,0,6,0,0,1,4,31,2,58,1,0,2
5_10,5,10,"""Moroccan Christmas""",Paul Feig,Justin Spitzer,"December 11, 2008",8.79,8.4,0,8,12,6,27,0,26,3,0,1,0,65,0,0,0,0,36,4,5,15,6,1,0,19
5_11,5,11,"""The Duel""",Dean Holland,Jennifer Celotta,"January 15, 2009",8.5,8.7,0,65,22,0,66,0,34,8,0,2,0,52,0,8,0,0,6,2,10,0,9,2,0,3
5_12,5,12,"""Prince Family Paper""",Asaad Kelada,B. J. Novak,"January 22, 2009",8.74,8.1,0,5,3,0,73,0,13,14,0,1,0,90,0,9,0,0,2,5,3,0,5,2,0,4
5_13,5,13,"""Stress Relief""",Jeffrey Blitz,Paul Lieberstein,"February 1, 2009",22.91,9.6,0,23,16,6,73,0,35,8,0,4,0,118,0,1,0,0,3,28,11,0,32,3,0,11
5_14,5,14,"""Lecture Circuit: Part 1""",Ken Kwapis,Mindy Kaling,"February 5, 2009",8.39,8.3,0,27,0,0,25,0,34,0,0,5,0,55,20,0,0,0,0,7,1,0,35,8,0,3
5_15,5,15,"""Lecture Circuit: Part 2""",Ken Kwapis,Mindy Kaling,"February 12, 2009",8.89,8.2,0,0,19,0,33,0,33,18,0,2,0,50,2,0,0,0,9,2,13,0,38,18,0,1
5_16,5,16,"""Blood Drive""",Randall Einhorn,Brent Forrester,"March 5, 2009",8.63,8.1,0,0,4,0,31,0,35,15,0,0,0,86,0,0,0,0,3,2,14,0,32,9,0,11
5_17,5,17,"""Golden Ticket""",Randall Einhorn,Mindy Kaling,"March 12, 2009",7.51,8.6,0,12,0,3,71,0,39,10,0,2,0,113,0,25,0,0,0,1,7,0,24,0,0,0
5_18,5,18,"""New Boss""",Paul Feig,Lee Eisenberg & Gene Stupnitsky,"March 19, 2009",7.95,8.4,0,6,8,0,21,0,30,5,0,2,0,104,0,18,0,0,1,2,3,0,14,7,0,3
5_19,5,19,"""Two Weeks""",Paul Lieberstein,Aaron Shure,"March 26, 2009",8.45,8.4,0,14,6,0,12,0,26,13,0,1,0,88,0,0,0,0,2,7,12,1,38,6,0,3
5_20,5,20,"""Dream Team""",Paul Feig,B. J. Novak,"April 9, 2009",7.2,8.3,0,16,3,0,17,0,35,10,0,1,0,78,0,0,0,0,0,4,1,0,65,1,11,2
5_21,5,21,"""Michael Scott Paper Company""",Gene Stupnitsky,Justin Spitzer,"April 9, 2009",7.94,8.7,0,18,0,0,28,16,28,2,0,2,0,46,0,0,0,0,1,3,5,3,45,5,25,1
5_22,5,22,"""Heavy Competition""",Ken Whittingham,Ryan Koh,"April 16, 2009",8.24,8.7,0,31,0,0,83,0,27,1,0,0,0,95,0,0,0,0,0,1,0,0,18,1,9,5
5_23,5,23,"""Broke""",Steve Carell,Charlie Grandy,"April 23, 2009",7.21,9.1,0,3,2,0,25,1,29,1,0,0,0,76,0,36,0,0,0,1,0,0,33,2,24,1
5_24,5,34,"""Casual Friday""",Brent Forrester,Anthony Q. Farrell,"April 30, 2009",7.31,8.3,0,12,5,1,49,10,29,1,0,9,0,95,0,0,0,0,8,12,5,13,30,2,25,13
5_25,5,25,"""Cafe Disco""",Randall Einhorn,Warren Lieberstein & Halsted Sullivan,"May 7, 2009",7.71,8.7,0,16,17,0,32,23,17,15,0,3,0,85,0,0,0,0,1,2,6,0,19,11,2,27
5_26,5,26,"""Company Picnic""",Ken Kwapis,Jennifer Celotta & Paul Lieberstein,"May 14, 2009",6.72,8.9,0,12,3,0,41,3,24,5,0,0,0,55,0,13,0,38,2,2,2,2,25,0,0,4
6_1,6,1,"""Gossip""",Paul Lieberstein,Paul Lieberstein,"September 17, 2009",8.2,8.7,0,38,5,0,20,7,42,14,0,6,0,95,0,0,0,0,4,12,10,1,27,9,1,7
6_2,6,2,"""The Meeting""",Randall Einhorn,Aaron Shure,"September 24, 2009",7.33,8.2,0,7,3,15,32,3,19,1,0,4,0,71,0,34,0,0,6,2,7,26,24,3,5,2
6_3,6,3,"""The Promotion""",Jennifer Celotta,Jennifer Celotta,"October 1, 2009",7.28,8,0,3,5,0,29,3,91,14,0,3,0,86,0,0,0,0,9,3,12,0,17,4,5,13
6_4,6,4,"""Niagara""",Paul Feig,Greg Daniels & Mindy Kaling,"October 8, 2009",9.42,9.3,0,33,12,0,84,10,56,30,0,0,0,129,0,0,0,0,6,7,9,4,70,3,3,3
6_5,6,5,"""Mafia""",David Rogers,Brent Forrester,"October 15, 2009",8.1,9.1,0,57,0,0,50,7,14,17,0,1,0,122,0,0,0,0,3,0,18,3,5,0,4,1
6_6,6,6,"""The Lover""",Lee Eisenberg,Lee Eisenberg & Gene Stupnitsky,"October 22, 2009",8.52,7.7,0,9,5,0,30,12,60,6,0,1,0,85,0,0,0,0,4,1,6,15,60,10,8,2
6_7,6,7,"""Koi Pond""",Reggie Hudlin,Warren Lieberstein & Halsted Sullivan,"October 29, 2009",8.2,8.6,0,37,10,7,14,17,49,10,0,3,0,85,0,0,0,0,8,3,11,0,39,2,1,9
6_8,6,8,"""Double Date""",Seth Gordon,Charlie Grandy,"November 5, 2009",7.94,8.2,0,28,2,0,50,3,26,6,0,2,0,114,0,0,0,0,1,1,3,7,70,5,8,2
6_9,6,9,"""Murder""",Greg Daniels,Daniel Chun,"November 12, 2009",7.76,8.2,0,24,6,0,30,15,47,11,0,2,0,67,0,4,0,0,4,6,8,0,12,1,1,5
6_10,6,10,"""Shareholder Meeting""",Charles McDougall,Justin Spitzer,"November 19, 2009",7.43,8.6,0,14,0,0,26,3,37,4,0,1,0,71,0,14,0,0,1,4,18,0,12,0,18,7
6_11,6,11,"""Scott's Tots""",B. J. Novak,Gene Stupnitsky & Lee Eisenberg,"December 3, 2009",8.1,8.2,0,22,3,0,36,21,38,6,0,1,0,68,0,8,0,0,0,2,2,0,14,1,4,4
6_12,6,12,"""Secret Santa""",Randall Einhorn,Mindy Kaling,"December 10, 2009",8.51,8.3,0,16,6,0,37,11,39,13,0,2,0,95,0,19,0,0,3,5,13,6,16,3,8,27
6_13,6,13,"""The Banker""",Jeffrey Blitz,Jason Kessler,"January 21, 2010",7.29,8.5,0,1,2,0,17,0,0,2,0,0,0,44,0,0,0,0,0,0,0,18,5,0,1,0
6_14,6,14,"""Sabre""",John Krasinski,Jennifer Celotta,"February 4, 2010",7.36,6.8,0,10,2,0,9,6,26,1,0,1,0,82,0,34,18,0,2,1,5,2,25,0,0,1
6_15,6,15,"""The Manager and the Salesman""",Marc Webb,Mindy Kaling,"February 11, 2010",7.4,7.8,0,24,1,0,39,23,33,5,0,0,0,68,0,0,5,0,4,0,6,0,5,11,19,4
6_16,6,16,"""The Delivery""",Seth GordonHarold Ramis,Daniel ChunCharlie Grandy,"March 4, 2010",9,8.2,0,25,19,0,47,35,134,29,0,1,0,117,0,0,0,0,6,3,3,1,126,3,2,6
6_17,6,17,"""St. Patrick's Day""",Randall Einhorn,Jonathan Hughes,"March 11, 2010",7.51,8.4,0,24,3,0,29,20,40,3,0,0,0,52,0,0,3,0,4,1,4,0,1,3,3,1
6_18,6,18,"""New Leads""",Brent Forrester,Brent Forrester,"March 18, 2010",7.63,8.5,0,15,6,9,43,7,51,8,0,0,0,85,0,0,7,0,3,11,1,2,3,8,3,18
6_19,6,19,"""Happy Hour""",Matt Sohn,B. J. Novak,"March 25, 2010",7.17,7.8,0,35,17,10,34,16,33,7,0,1,0,74,0,0,0,0,1,1,20,0,31,4,5,6
6_20,6,20,"""Secretary's Day""",Steve Carell,Mindy Kaling,"April 22, 2010",6.3,7.9,0,25,5,3,17,52,8,20,0,0,0,46,0,0,23,0,9,0,6,3,28,5,5,3
6_21,6,21,"""Body Language""",Mindy Kaling,Justin Spitzer,"April 29, 2010",7.01,8.6,0,3,3,4,45,9,37,8,0,1,0,86,0,0,15,0,0,2,9,0,27,28,4,4
6_22,6,22,"""The Cover-Up""",Rainn Wilson,Gene Stupnitsky & Lee Eisenberg,"May 6, 2010",6.84,7.9,0,30,0,26,38,3,14,0,0,2,0,92,0,0,4,0,1,3,1,0,42,7,4,0
6_23,6,23,"""The Chump""",Randall Einhorn,Aaron Shure,"May 13, 2010",6.6,8.1,0,41,17,4,36,11,21,6,0,4,0,82,0,0,6,0,3,2,3,5,30,5,11,8
6_24,6,24,"""Whistleblower""",Paul Lieberstein,Warren Lieberstein & Halsted Sullivan,"May 20, 2010",6.6,8.2,0,17,4,6,19,4,13,7,0,2,0,67,0,0,5,0,0,2,2,7,17,5,2,5
7_1,7,1,"""Nepotism""",Jeffrey Blitz,Daniel Chun,"September 23, 2010",8.4,8.4,0,16,3,5,21,7,22,5,0,4,0,58,0,0,11,0,3,5,8,3,25,5,3,7
7_2,7,2,"""Counseling""",Jeffrey Blitz,B. J. Novak,"September 30, 2010",7.36,8.3,0,13,4,4,48,4,34,0,0,1,0,31,0,0,17,0,0,3,7,35,39,6,3,3
7_3,7,3,"""Andy's Play""",John Stuart Scott,Charlie Grandy,"October 7, 2010",6.95,8.2,0,49,16,11,17,19,19,0,0,2,0,43,0,0,0,0,1,2,1,0,17,2,0,4
7_4,7,4,"""Sex Ed""",Paul Lieberstein,Paul Lieberstein,"October 14, 2010",7.36,7.9,16,40,2,8,41,4,4,10,0,2,0,88,0,0,3,16,7,4,7,0,8,5,1,5
7_5,7,5,"""The Sting""",Randall Einhorn,Mindy Kaling,"October 21, 2010",6.87,7.9,0,38,2,23,56,2,59,12,0,2,0,85,0,0,0,0,15,5,16,0,10,3,3,8
7_6,7,6,"""Costume Contest""",Dean Holland,Justin Spitzer,"October 28, 2010",8.07,8.3,0,16,5,26,14,7,27,19,0,3,0,59,0,0,14,0,1,7,8,4,24,5,6,5
7_7,7,7,"""Christening""",Alex Hardcastle,Peter Ocko,"November 4, 2010",7.65,7.5,0,25,8,2,16,9,38,4,0,0,0,74,0,0,2,0,0,3,2,3,33,2,6,5
7_8,7,8,"""Viewing Party""",Ken Whittingham,Jon Vitti,"November 11, 2010",7.15,7.9,0,27,9,0,26,42,18,9,0,4,0,56,0,0,18,0,0,1,7,0,23,13,3,12
7_9,7,9,"""WUPHF.com""",Danny Leiner,Aaron Shure,"November 18, 2010",7.28,7.8,0,10,20,0,24,7,24,9,0,3,0,66,0,0,8,0,0,7,5,0,28,5,54,1
7_10,7,10,"""China""",Charles McDougall,Halsted Sullivan & Warren Lieberstein,"December 2, 2010",7.31,8.3,0,23,3,13,48,10,27,8,0,2,0,56,0,0,1,0,2,6,25,0,45,8,7,3
7_11,7,11,"""Classy Christmas""",Rainn Wilson,Mindy Kaling,"December 9, 2010",7.18,8.9,0,28,26,23,38,18,50,15,0,4,5,130,0,0,6,50,10,5,12,25,69,14,11,13
7_12,7,12,"""Ultimatum""",David Rogers,Carrie Kemper,"January 20, 2011",8.26,8.3,0,21,7,21,34,21,8,19,0,13,0,75,0,0,2,19,1,0,3,0,31,10,6,9
7_13,7,13,"""The Seminar""",B. J. Novak,Steve Hely,"January 27, 2011",7.93,7.7,0,51,0,3,19,25,24,9,0,2,0,37,0,12,7,12,0,2,14,0,18,12,8,3
7_14,7,14,"""The Search""",Michael Spiller,Brent Forrester,"February 3, 2011",7.29,8.4,0,14,1,8,26,14,32,7,0,0,0,42,0,0,25,30,3,3,12,0,36,9,6,10
7_15,7,15,"""PDA""",Greg Daniels,Robert Padnick,"February 10, 2011",6.9,8.4,0,37,9,16,24,38,23,13,0,1,0,73,0,0,21,38,1,1,17,0,24,1,6,3
7_16,7,16,"""Threat Level Midnight""",Tucker Gates,B. J. Novak,"February 17, 2011",6.41,9.2,1,2,0,0,3,1,6,2,0,1,0,33,1,0,0,15,0,0,0,0,4,1,1,0
7_17,7,17,"""Todd Packer""",Randall Einhorn,Amelie Gillette,"February 24, 2011",6.12,7.6,0,29,1,0,41,10,38,13,0,0,0,57,0,0,1,32,3,1,1,0,36,3,4,1
7_18,7,18,"""Garage Sale""",Steve Carell,Jon Vitti,"March 24, 2011",7.07,9.2,0,17,1,10,31,0,24,18,0,0,0,72,0,0,1,47,3,1,7,0,32,3,9,3
7_19,7,19,"""Training Day""",Paul Lieberstein,Daniel Chun,"April 14, 2011",7.87,7.9,0,12,4,8,10,10,10,4,0,0,0,68,0,0,4,0,1,3,5,0,8,5,2,2
7_20,7,20,"""Michael's Last Dundies""",Mindy Kaling,Mindy Kaling,"April 21, 2011",6.85,8.8,0,4,2,3,13,12,24,6,0,1,0,82,0,0,2,0,6,3,6,2,15,0,6,3
7_21,7,21,"""Goodbye, Michael""",Paul Feig,Greg Daniels,"April 28, 2011",8.42,9.7,0,24,12,3,16,12,18,11,0,2,0,116,0,0,10,6,6,7,6,5,20,3,3,18
7_22,7,22,"""The Inner Circle""",Matt Sohn,Charlie Grandy,"May 5, 2011",6.9,7.8,0,9,4,8,20,3,40,13,0,0,0,0,0,0,8,0,0,0,2,1,24,15,15,4
7_23,7,23,"""Dwight K. Schrute, (Acting) Manager""",Troy Miller,Justin Spitzer,"May 12, 2011",6.45,8.7,0,26,11,5,73,13,28,20,0,2,0,0,0,0,20,0,1,2,4,6,11,6,2,5
7_24,7,24,"""Search Committee""",Jeffrey Blitz,Paul Lieberstein,"May 19, 2011",7.29,8.8,0,26,11,27,44,23,90,14,9,17,12,0,0,0,30,0,6,4,22,13,32,17,11,20
8_1,8,1,"""The List""",B. J. Novak,B. J. Novak,"September 22, 2011",7.64,8.2,0,52,7,5,38,9,38,10,0,1,33,0,0,0,3,0,6,8,7,4,25,6,5,11
8_2,8,2,"""The Incentive""",Charles McDougall,Paul Lieberstein,"September 29, 2011",6.7,8.2,0,86,14,7,21,18,42,24,0,0,24,0,0,0,0,0,5,5,7,1,34,5,5,8
8_3,8,3,"""Lotto""",John Krasinski,Charlie Grandy,"October 6, 2011",5.82,7.4,0,63,3,49,37,12,52,21,0,1,0,0,0,0,0,0,4,0,18,2,23,6,6,7
8_4,8,4,"""Garden Party""",David Rogers,Justin Spitzer,"October 13, 2011",6.08,8.1,0,66,13,10,29,5,23,6,0,0,18,0,0,0,4,0,6,1,10,6,15,3,8,3
8_5,8,5,"""Spooked""",Randall Einhorn,Carrie Kemper,"October 27, 2011",5.53,7.6,0,34,5,9,21,36,29,9,0,4,32,0,0,0,9,0,9,4,10,7,27,12,3,7
8_6,8,6,"""Doomsday""",Troy Miller,Daniel Chun,"November 3, 2011",6.15,7.8,0,54,7,16,51,8,44,10,0,0,35,0,0,0,24,0,0,9,11,8,21,5,3,2
8_7,8,7,"""Pam's Replacement""",Matt Sohn,Allison Silverman,"November 10, 2011",5.96,7.8,0,43,0,23,55,13,40,15,0,2,10,0,0,0,2,0,0,0,4,4,65,6,6,2
8_8,8,8,"""Gettysburg""",Jeffrey Blitz,Robert Padnick,"November 17, 2011",5.5,7,0,58,1,13,30,17,25,18,0,0,24,0,0,0,10,0,1,4,20,0,18,5,11,11
8_9,8,9,"""Mrs. California""",Charlie Grandy,Dan Greaney,"December 1, 2011",5.71,7.8,0,59,2,24,52,8,29,2,0,2,40,0,0,0,4,0,1,1,12,3,0,1,3,3
8_10,8,10,"""Christmas Wishes""",Ed Helms,Mindy Kaling,"December 8, 2011",5.79,8,0,88,2,10,28,38,44,10,0,2,26,0,0,0,0,0,18,5,9,6,0,10,10,7
8_11,8,11,"""Trivia""",B. J. Novak,Steve Hely,"January 12, 2012",5.9,7.9,0,44,2,10,34,6,19,19,0,1,16,0,0,0,21,0,7,5,19,0,0,7,6,3
8_12,8,12,"""Pool Party""",Charles McDougall,Owen Ellickson,"January 19, 2012",6.02,7.9,0,44,5,10,47,58,22,11,0,0,24,0,0,0,9,0,9,7,12,8,0,6,10,3
8_13,8,13,"""Jury Duty""",Eric Appel,Aaron Shure,"February 2, 2012",5.31,7.5,0,47,31,13,58,14,73,12,0,5,0,0,0,0,5,0,2,7,24,5,28,2,2,12
8_14,8,14,"""Special Project""",David Rogers,Amelie Gillette,"February 9, 2012",5.19,7.8,0,45,8,23,67,15,30,5,0,1,0,0,0,0,0,0,2,7,4,2,29,8,12,2
8_15,8,15,"""Tallahassee""",Matt Sohn,Daniel Chun,"February 16, 2012",4.38,7.9,0,22,0,4,63,21,32,2,27,2,0,0,0,0,0,0,2,13,1,0,10,3,9,0
8_16,8,16,"""After Hours""",Brian Baumgartner,Halsted Sullivan & Warren Lieberstein,"February 23, 2012",5.02,8.1,0,20,11,14,60,19,55,4,24,0,0,0,0,0,6,0,0,6,10,0,15,8,20,4
8_17,8,17,"""Test the Store""",Brent Forrester,Mindy Kaling,"March 1, 2012",4.95,7.9,0,28,9,4,53,10,28,8,19,1,0,0,0,0,0,0,3,1,6,18,10,9,17,2
8_18,8,18,"""Last Day in Florida""",Matt Sohn,Robert Padnick,"March 8, 2012",4.89,7.8,0,20,3,26,45,15,45,19,12,2,0,0,0,0,1,0,1,2,4,16,10,3,2,6
8_19,8,19,"""Get the Girl""",Rainn Wilson,Charlie Grandy,"March 15, 2012",4.87,6.8,0,33,1,7,21,32,38,8,42,1,24,0,0,0,0,0,2,1,1,3,17,1,1,4
8_20,8,20,"""Welcome Party""",Ed Helms,Steve Hely,"April 12, 2012",4.39,7.3,0,48,8,1,22,25,39,3,22,3,19,0,0,0,2,0,0,1,11,0,32,0,3,9
8_21,8,21,"""Angry Andy""",Claire Scanlon,Justin Spitzer,"April 19, 2012",4.35,7.2,0,53,7,5,16,24,19,9,36,2,18,0,0,0,4,0,1,1,7,1,29,13,30,10
8_22,8,22,"""Fundraiser""",David Rogers,Owen Ellickson,"April 26, 2012",4.17,7.1,0,41,4,14,15,7,24,18,17,1,13,0,0,5,0,0,2,1,16,0,22,0,17,1
8_23,8,23,"""Turf War""",Daniel Chun,Warren Lieberstein & Halsted Sullivan,"May 3, 2012",4.44,7.8,0,28,3,0,56,8,48,1,15,1,33,0,0,4,13,0,0,1,1,7,23,0,0,1
8_24,8,24,"""Free Family Portrait Studio""",B. J. Novak,B. J. Novak,"May 10, 2012",4.49,7.8,0,49,20,15,27,9,31,3,19,1,15,0,0,17,2,0,2,1,11,5,22,4,0,5
9_1,9,1,"""New Guys""",Greg Daniels,Greg Daniels,9/20/2012,4.28,7.8,0,33,16,3,42,4,21,7,10,1,0,0,0,1,0,0,2,3,9,11,19,2,1,1
9_2,9,2,"""Roy's Wedding""",Matt Sohn,Allison Silverman,9/27/2012,4.13,7.3,0,33,7,11,31,31,39,10,31,4,0,0,0,0,0,0,1,1,5,5,34,0,0,1
9_3,9,3,"""Andy's Ancestry""",David Rogers,Jonathan Green & Gabe Miller,10/4/2012,4.14,7.6,0,44,2,31,24,21,19,3,34,0,0,0,0,0,0,0,1,2,7,0,34,0,0,3
9_4,9,4,"""Work Bus""",Bryan Cranston,Brent Forrester,10/18/2012,4.28,7.9,0,40,5,11,40,11,60,16,27,3,0,0,0,0,0,0,7,10,13,2,29,0,0,5
9_5,9,5,"""Here Comes Treble""",Claire Scanlon,Owen Ellickson,10/25/2012,4,7.1,0,50,6,6,39,24,35,2,21,3,0,0,0,0,0,0,5,2,3,5,32,0,0,0
9_6,9,6,"""The Boat""",John Krasinski,Dan Sterling,11/8/2012,4.83,7.8,0,54,12,4,34,40,9,25,16,1,0,0,0,0,0,0,3,0,27,9,11,0,0,0
9_7,9,7,"""The Whale""",Rodman Flender,Carrie Kemper,11/15/2012,4.16,7.7,25,9,21,3,53,18,22,3,6,1,0,0,0,6,0,0,4,0,21,5,45,0,0,14
9_8,9,8,"""The Target""",Brent Forrester,Graham Wagner,11/29/2012,3.88,7.9,0,0,52,6,57,6,29,16,9,3,0,0,0,3,0,0,8,14,22,8,17,0,0,12
9_9,9,9,"""Dwight Christmas""",Charles McDougall,Robert Padnick,12/6/2012,4.16,8.3,0,0,11,17,59,24,58,13,11,2,0,0,0,0,0,0,5,5,7,11,32,0,0,10
9_10,9,10,"""Lice""",Rodman Flender,Niki Schwartz-Wright,1/10/2013,4.54,7.7,0,0,16,15,18,26,28,14,9,4,0,0,0,0,0,0,22,4,10,0,44,0,0,8
9_11,9,11,"""Suit Warehouse""",Matt Sohn,Dan Greaney,1/17/2013,4.15,8,0,0,13,19,41,11,18,19,9,3,0,0,0,0,0,0,6,4,19,0,23,0,0,6
9_12,9,12,"""Customer Loyalty""",Kelly Cantley,Jonathan Green & Gabe Miller,1/24/2013,4.19,8.1,0,0,6,24,44,18,37,10,24,2,0,0,0,0,0,0,2,1,8,7,48,0,0,3
9_13,9,13,"""Junior Salesman""",David Rogers,Carrie Kemper,1/31/2013,4.45,7.7,0,0,1,2,87,2,45,1,3,0,0,0,0,0,0,0,5,2,2,0,24,0,0,0
9_14,9,14,"""Vandalism""",Lee Kirk,Owen Ellickson,1/31/2013,3.97,7.7,0,0,15,35,37,10,30,6,9,1,0,0,0,0,0,0,1,0,12,3,57,0,0,1
9_15,9,15,"""Couples Discount""",Troy Miller,Allison Silverman,2/7/2013,4.15,7.5,8,62,4,3,32,26,26,6,7,0,0,0,0,0,0,0,2,1,7,0,28,0,0,6
9_16,9,16,"""Moving On""",Jon Favreau,Graham Wagner,2/14/2013,4.06,8.3,0,83,42,5,44,33,28,5,8,4,0,0,0,15,20,0,7,5,8,15,55,0,0,10
9_17,9,17,"""The Farm""",Paul Lieberstein,Paul Lieberstein,3/14/2013,3.54,7.6,0,5,8,1,51,4,6,12,2,3,0,0,0,0,0,0,3,2,11,0,21,0,0,8
9_18,9,18,"""Promos""",Jennifer Celotta,Tim McAuliffe,4/4/2013,3.44,8,0,11,32,12,37,3,31,9,4,0,0,0,0,0,0,0,3,5,29,2,42,0,0,6
9_19,9,19,"""Stairmageddon""",Matt Sohn,Dan Sterling,4/11/2013,3.83,8,0,31,4,0,61,10,15,5,13,2,7,0,0,0,0,0,2,21,7,15,9,0,0,5
9_20,9,20,"""Paper Airplane""",Jesse Peretz,Halsted Sullivan & Warren Lieberstein,4/25/2013,3.25,8,0,39,16,10,21,16,17,10,20,1,2,0,0,0,0,0,0,2,2,7,22,0,0,0
9_21,9,21,"""Livin' the Dream""",Jeffrey Blitz,Niki Schwartz-Wright,5/2/2013,3.51,8.8,0,68,30,11,54,9,63,13,5,2,0,0,0,0,0,0,1,4,19,7,30,0,0,4
9_22,9,22,"""A.A.R.M.""",David Rogers,Brent Forrester,5/9/2013,4.56,9.3,0,44,39,30,87,22,89,30,0,4,0,0,0,0,0,0,9,4,28,0,34,0,0,7
9_23,9,23,"""Finale""",Ken Kwapis,Greg Daniels,5/16/2013,5.69,9.7,0,31,23,19,76,11,73,31,9,8,0,2,0,0,0,0,15,8,18,13,45,12,15,17
